document,state,keyword,estimatedDifficulty,commercialPotential,priority,notes
Residential Lease Agreement,California,California lease agreement template,High,High,1,Large market; high competition
NDA Agreement,California,free NDA generator California,High,High,2,Commercial startups + tech
Independent Contractor Agreement,California,independent contractor agreement California,High,High,3,Freelancer-heavy
Service Agreement,California,service agreement template California,High,High,4,B2B demand
Promissory Note,California,promissory note template California,Medium,Medium,5,Personal lending searches
Vehicle Bill of Sale,California,vehicle bill of sale California,Medium,Medium,6,Used car market
Residential Lease Agreement,Texas,Texas lease agreement template,High,High,7,Large rental market
NDA Agreement,Texas,free NDA generator Texas,Medium,High,8,SMB demand
Independent Contractor Agreement,Texas,independent contractor agreement Texas,Medium,High,9,Freelancer base
Service Agreement,Texas,service agreement Texas template,Medium,High,10,B2B
Promissory Note,Texas,Texas promissory note template,Low,Medium,11,Lower volume
Vehicle Bill of Sale,Texas,Texas vehicle bill of sale template,Medium,Medium,12,Private sales
Residential Lease Agreement,Florida,Florida lease agreement template,High,High,13,Seasonal rental market
NDA Agreement,Florida,free NDA Florida,Medium,High,14,SMBs + tourism businesses
Independent Contractor Agreement,Florida,independent contractor Florida,Low,Medium,15,
Service Agreement,Florida,service agreement Florida template,Low,Medium,16,
Promissory Note,Florida,Florida promissory note template,Low,Low,17,
Vehicle Bill of Sale,Florida,Florida vehicle bill of sale,Medium,Medium,18,
Residential Lease Agreement,New York,New York lease agreement template,High,High,19,High competition and commercial intent
NDA Agreement,New York,free NDA generator New York,High,High,20,Legal services demand
Independent Contractor Agreement,New York,independent contractor agreement New York,High,High,21,High freelancer market
Service Agreement,New York,service agreement New York template,Medium,High,22,
Promissory Note,New York,New York promissory note template,Medium,Medium,23,
Vehicle Bill of Sale,New York,New York vehicle bill of sale,Medium,Medium,24,
Residential Lease Agreement,Illinois,Illinois lease agreement template,Medium,High,25,Chicago market
NDA Agreement,Illinois,free NDA Illinois,Low,Medium,26,
Independent Contractor Agreement,Illinois,independent contractor agreement Illinois,Low,Medium,27,
Service Agreement,Illinois,service agreement Illinois template,Low,Medium,28,
Promissory Note,Illinois,Illinois promissory note template,Low,Low,29,
Vehicle Bill of Sale,Illinois,Illinois vehicle bill of sale,Low,Low,30,
Residential Lease Agreement,Pennsylvania,Pennsylvania lease agreement template,Low,Medium,31,
NDA Agreement,Pennsylvania,free NDA Pennsylvania,Low,Medium,32,
Independent Contractor Agreement,Pennsylvania,independent contractor agreement Pennsylvania,Low,Medium,33,
Service Agreement,Pennsylvania,service agreement Pennsylvania,Low,Medium,34,
Promissory Note,Pennsylvania,Pennsylvania promissory note template,Low,Low,35,
Vehicle Bill of Sale,Pennsylvania,Pennsylvania bill of sale,Low,Low,36,
Residential Lease Agreement,Ohio,Ohio lease agreement template,Low,Medium,37,
NDA Agreement,Ohio,free NDA Ohio,Low,Medium,38,
Independent Contractor Agreement,Ohio,independent contractor agreement Ohio,Low,Medium,39,
Service Agreement,Ohio,service agreement Ohio template,Low,Medium,40,
Promissory Note,Ohio,Ohio promissory note template,Low,Low,41,
Vehicle Bill of Sale,Ohio,Ohio vehicle bill of sale,Low,Low,42,
Residential Lease Agreement,Georgia,Georgia lease agreement template,Low,Medium,43,
NDA Agreement,Georgia,free NDA Georgia,Low,Medium,44,
Independent Contractor Agreement,Georgia,independent contractor agreement Georgia,Low,Medium,45,
Service Agreement,Georgia,service agreement Georgia template,Low,Medium,46,
Promissory Note,Georgia,Georgia promissory note template,Low,Low,47,
Vehicle Bill of Sale,Georgia,Georgia bill of sale,Low,Low,48,
Residential Lease Agreement,North Carolina,North Carolina lease agreement template,Low,Medium,49,
NDA Agreement,North Carolina,free NDA North Carolina,Low,Medium,50,
Independent Contractor Agreement,North Carolina,independent contractor agreement North Carolina,Low,Medium,51,
Service Agreement,North Carolina,service agreement North Carolina,Low,Medium,52,
Promissory Note,North Carolina,North Carolina promissory note template,Low,Low,53,
Vehicle Bill of Sale,North Carolina,North Carolina bill of sale,Low,Low,54,
Residential Lease Agreement,Arizona,Arizona lease agreement template,Low,Medium,55,
NDA Agreement,Arizona,free NDA Arizona,Low,Medium,56,
Independent Contractor Agreement,Arizona,independent contractor Arizona,Low,Medium,57,
Service Agreement,Arizona,service agreement Arizona,Low,Medium,58,
Promissory Note,Arizona,Arizona promissory note template,Low,Low,59,
Vehicle Bill of Sale,Arizona,Arizona bill of sale template,Low,Low,60
